{
    "accuracy": 0.7430872805962971,
    "precision": 0.6883329990155975,
    "recall": 0.7430872805962971,
    "f1_score": 0.6664418965138865
}